variant,evidence,spec,same_as_B0_plus,MRR,dMRR,dMRR_95CI_lo,dMRR_95CI_hi,R@1,dR@1,dR@1_95CI_lo,dR@1_95CI_hi,R@10,iso_error_rate,diso,diso_95CI_lo,diso_95CI_hi,sameformula_MRR,sameformula_R@1,sameformula_R@10,n_ranked,DEV_MRR_selection
B0_current,PRIMARY,frozen CURRENT spec,False,0.5068,,,,0.3587,,,,0.7895,0.1988,,,,0.4661,0.3077,0.7703,838,0.5433
V3a_bin0.01,PRIMARY,bin width 0.01 Da,bin_w=0.01,0.5536,0.0468,0.0291,0.0647,0.4152,0.0565,0.0313,0.0824,0.8133,0.1784,-0.0205,-0.0326,-0.0087,0.5131,0.3632,0.7957,838,0.6067
V3b_bin0.5,PRIMARY,bin width 0.5 Da,False,0.4769,-0.0299,-0.044,-0.0158,0.3315,-0.0271,-0.047,-0.0075,0.7655,0.2192,0.0204,0.0102,0.0314,0.4389,0.2866,0.746,838,0.5046
V4b_log,PRIMARY,intensity transform: log1p,inten=log,0.5383,0.0315,0.0167,0.0459,0.398,0.0393,0.0175,0.0598,0.8046,0.1805,-0.0183,-0.0287,-0.0081,0.4981,0.3465,0.7872,838,0.553
V4a_linear,PRIMARY,intensity transform: linear,False,0.4265,-0.0803,-0.0985,-0.0626,0.2847,-0.074,-0.0988,-0.0512,0.715,0.2608,0.062,0.0486,0.0771,0.3879,0.2394,0.6892,838,0.417
V2_fragment_only,PRIMARY,fragmentation features only (no neutral loss),nl=False,0.5014,-0.0054,-0.0249,0.0136,0.3636,0.0049,-0.0211,0.0326,0.7666,0.2144,0.0156,0.0015,0.0297,0.4593,0.3119,0.7445,838,0.5712
V5_modcos_rerank,PRIMARY,ModCos rerank of top-20,False,0.5415,0.0347,0.0149,0.055,0.401,0.0423,0.0135,0.0704,0.8001,0.1851,-0.0137,-0.0266,-0.0,0.5047,0.3566,0.7822,838,0.5769
C2_bestNL_bestBin_bestInt,SECONDARY,DEV: bin 0.01 + no NL + log intensity,"bin_w=0.01,nl=False,inten=log",0.5478,0.041,0.0199,0.0618,0.4076,0.049,0.0215,0.0773,0.8048,0.1835,-0.0153,-0.0306,-0.0006,0.5045,0.352,0.7847,838,0.6175
C1_bestNL_bestInt,SECONDARY,DEV: no NL + log intensity,"nl=False,inten=log",0.5382,0.0314,0.0111,0.0502,0.4,0.0414,0.0121,0.0691,0.7874,0.1883,-0.0105,-0.0246,0.0033,0.4958,0.3448,0.7678,838,0.6055
C3_C2_plus_modcos,SECONDARY,DEV: C2 + ModCos rerank,C2+ModCos,0.5472,0.0404,0.0201,0.059,0.4113,0.0526,0.0252,0.079,0.8004,0.1917,-0.0072,-0.0217,0.0072,0.5087,0.3642,0.7798,838,0.6186
