population,variant,n_ranked,n_targets,MRR,MRR_uncond,MRR@25,R@1,R@5,R@10,R@50,sameformula_n,sameformula_MRR,sameformula_R@1,sameformula_R@10,isomer_error_rate,dMRR_vs_B0,dR@1_vs_B0,d_isomer_error_rate_vs_B0
PRIMARY,B0_current,838,954,0.5067976977112212,0.4451744975702341,0.5050322906702671,0.3586737114152301,0.6972971231439069,0.7895385331242968,0.9348595262206906,746,0.4660782386802894,0.30773266778279196,0.7702859125444513,0.1988078467057172,,,
PRIMARY,V2_fragment_only,838,954,0.5014206651627866,0.4404512761073534,0.49899675892320167,0.36356819073612906,0.667075804553493,0.7665859516316154,0.930922642463447,746,0.459259597936432,0.3118902732397803,0.7445027177845759,0.21441622164760868,"[-0.005377032548434573, -0.02491696353952137, 0.013554309514394729]","[0.004894479320898918, -0.02111364982929974, 0.03264475705120828]","[0.015608374941891483, 0.0014566607339712965, 0.029677503348030976]"
PRIMARY,V3a_bin0.01,838,954,0.5536360416407531,0.486317613097433,0.5519526150236846,0.4151766826334212,0.7181865157924046,0.8133287462493544,0.9395820382574708,746,0.5131484399361784,0.3631609384005456,0.7956695567787653,0.17835251383085463,"[0.04683834392953198, 0.02910071008168026, 0.06468225007102253]","[0.056502971218191145, 0.03127525740428585, 0.08244090137193953]","[-0.020455332874862536, -0.032623452888502526, -0.008713232831137233]"
PRIMARY,V3b_bin0.5,838,954,0.47688351426734676,0.4188976781509818,0.4744373039934543,0.33153238393919165,0.6486788913215218,0.7655028370052815,0.9306031668659058,746,0.43886559526995506,0.2866275304839713,0.7459669938477559,0.2192029989691128,"[-0.02991418344387435, -0.04396632880525971, -0.015821996506656805]","[-0.027141327476038462, -0.047008657988342493, -0.007466855407564286]","[0.020395152263395635, 0.010210012363792683, 0.03138706911042487]"
PRIMARY,V4a_linear,838,954,0.4265453123883364,0.37468026392183007,0.4236435818788819,0.28467781655281,0.594322422101496,0.7150032121850595,0.9224991576079812,746,0.387875572428616,0.23935658213304928,0.6892395332588204,0.26079705078427073,"[-0.08025238532288481, -0.09848775544353836, -0.06264944072428205]","[-0.07399589486242016, -0.0988184789307324, -0.05124977026387619]","[0.06198920407855354, 0.04856736700855139, 0.07706707914981858]"
PRIMARY,V4b_log,838,954,0.5382995094964297,0.4728459003752706,0.5364020663472306,0.397972526937196,0.7139980424402916,0.8045765424940484,0.9359194189138521,746,0.49809824993508683,0.3465160557283783,0.7871784753485422,0.18054446546921357,"[0.03150181178520865, 0.016704056926699667, 0.045898285867574176]","[0.03929881552196588, 0.017526648462530166, 0.05981843343940599]","[-0.01826338123650358, -0.028654868316532585, -0.008051346709345132]"
PRIMARY,V5_modcos_rerank,838,954,0.5414671623648526,0.4756283879053946,0.5393284462888139,0.4010067341712984,0.7141720199113091,0.8001145061634901,0.9378458959925005,746,0.5047234576912737,0.3566268676079733,0.7821661610790948,0.185085460603805,"[0.03466946465363146, 0.014875670506171319, 0.05496772926307556]","[0.04233302275606833, 0.013512605377491287, 0.07043246483759329]","[-0.013722386101912171, -0.0266125534030269, -4.306754027235788e-05]"
PRIMARY,C1_bestNL_bestInt,838,954,0.5381818201000191,0.472742521219933,0.5362017513473722,0.4000402161701743,0.694612377589137,0.787361854091029,0.9429233629569851,746,0.49580241032990013,0.34481729376756837,0.7678407958824159,0.18829247874974225,"[0.031384122388798036, 0.011065042967851555, 0.05022335796599665]","[0.04136650475494413, 0.012070147687853172, 0.06906632856260601]","[-0.010515367955974908, -0.02461257787226457, 0.0032757018960345866]"
PRIMARY,C2_bestNL_bestBin_bestInt,838,954,0.5478227785456811,0.4812112037958918,0.5457843532340183,0.40762467374547895,0.7106477979614202,0.804787350274571,0.9432026582843093,746,0.5045099952711385,0.3519966174245461,0.784734315723982,0.18347767438294527,"[0.04102508083445996, 0.019915728236934188, 0.06182141926465916]","[0.04895096233024884, 0.02152009785772803, 0.07731605396642185]","[-0.015330172322771878, -0.03062460243285837, -0.0005622623583346795]"
PRIMARY,C3_C2_plus_modcos,838,954,0.5471679605723422,0.48063600729520206,0.5450845370994079,0.4113227010206782,0.7191698562038946,0.8003789592919051,0.946071262511423,746,0.5087348165303668,0.364193597125105,0.7797822625825958,0.19165399547485124,"[0.04037026286112106, 0.02009529060030555, 0.05898111643759212]","[0.05264898960544807, 0.02515521873426146, 0.07900030292995541]","[-0.00715385123086594, -0.0216615701003524, 0.007168586673341625]"
DEV,B0_current,243,250,0.543259111106244,0.5280478559952692,0.5422985124633569,0.38271604938271603,0.7325102880658436,0.831275720164609,0.9670781893004116,232,0.5248360517190401,0.3577586206896552,0.8232758620689655,0.15289387256003556,,,
DEV,V2_fragment_only,243,250,0.571228817507838,0.5552344106176186,0.5700344585348217,0.43415637860082307,0.7407407407407407,0.8559670781893004,0.9670781893004116,232,0.5543474252345028,0.41163793103448276,0.8491379310344828,0.15219636189563263,"[0.027969706401593953, -0.0034038016800355783, 0.061452824045585885]","[0.051440329218107, 0.00411522633744856, 0.10082304526748971]","[-0.0006975106644029238, -0.02662446921251253, 0.025206598223491826]"
DEV,V3a_bin0.01,243,250,0.6066867079801055,0.5896994801566625,0.6055573435203688,0.46296296296296297,0.7901234567901234,0.8559670781893004,0.9753086419753086,232,0.5880382329274381,0.4375,0.8491379310344828,0.11912951391157663,"[0.06342759687386136, 0.032559814738963355, 0.09647371771127589]","[0.08024691358024691, 0.03497942386831276, 0.12757201646090535]","[-0.03376435864845894, -0.05506115734445443, -0.014295507911872445]"
DEV,V3b_bin0.5,243,250,0.5046078649587377,0.49047884473989295,0.5025371488378073,0.33127572016460904,0.7037037037037037,0.8024691358024691,0.9547325102880658,232,0.49056115248038545,0.3125,0.7931034482758621,0.18107374608872123,"[-0.03865124614750642, -0.06656733992623236, -0.012465004231351183]","[-0.051440329218107, -0.09053497942386832, -0.01440329218106996]","[0.028179873528685673, 0.008467659576327018, 0.049442672298689365]"
DEV,V4a_linear,243,250,0.4170426055884265,0.4053654126319506,0.4145406840278353,0.24897119341563786,0.6213991769547325,0.7325102880658436,0.9506172839506173,232,0.3987927783903408,0.22629310344827586,0.7241379310344828,0.2300304775811959,"[-0.1262165055178176, -0.1641786584102826, -0.08874605026188348]","[-0.1337448559670782, -0.18518518518518517, -0.0823045267489712]","[0.07713660502116035, 0.051125839284082715, 0.10567807189903111]"
DEV,V4b_log,243,250,0.5529996408954124,0.5375156509503408,0.5514887564088725,0.39094650205761317,0.7613168724279835,0.8271604938271605,0.9794238683127572,232,0.5339608307654535,0.36637931034482757,0.8189655172413793,0.13918408312055283,"[0.009740529789168296, -0.01715241450285291, 0.03661828856761468]","[0.00823045267489712, -0.02880658436213992, 0.04526748971193416]","[-0.013709789439482723, -0.028561366002723944, -0.00043581387408572444]"
DEV,V5_modcos_rerank,243,250,0.5768549301702124,0.5607029921254465,0.5750051744084346,0.4506172839506173,0.720164609053498,0.8189300411522634,0.9670781893004116,232,0.5628265001351794,0.4331896551724138,0.8103448275862069,0.15878643075521376,"[0.033595819063968385, -0.006189832810663619, 0.07453181816103087]","[0.06790123456790123, 0.012345679012345678, 0.12757201646090535]","[0.005892558195178197, -0.020142138150653254, 0.0322279006418959]"
DEV,C1_bestNL_bestInt,243,250,0.6055068114053663,0.5885526206860161,0.6041174799272111,0.47530864197530864,0.7530864197530864,0.8436213991769548,0.9753086419753086,232,0.588957565394414,0.4547413793103448,0.8362068965517241,0.13651519387644995,"[0.0622477002991224, 0.02467745009440972, 0.1013246133605133]","[0.09259259259259259, 0.0411522633744856, 0.1440329218106996]","[-0.01637867868358562, -0.04059393330873943, 0.007796834079918843]"
DEV,C2_bestNL_bestBin_bestInt,243,250,0.6175114544364395,0.6002211337122192,0.6162548796230239,0.4876543209876543,0.7489711934156379,0.8518518518518519,0.9711934156378601,232,0.6015313940864431,0.4676724137931034,0.8448275862068966,0.12811677075395178,"[0.07425234333019544, 0.038029605124953604, 0.10978964273822604]","[0.10493827160493827, 0.05555555555555555, 0.15637860082304528]","[-0.024777101806083775, -0.046144282956453064, -0.0031112705320797468]"
DEV,C3_C2_plus_modcos,243,250,0.6186427106601594,0.6013207147616749,0.6170869698257572,0.49176954732510286,0.757201646090535,0.8353909465020576,0.9670781893004116,232,0.6040093909069774,0.47198275862068967,0.8275862068965517,0.1380317626742846,"[0.0753835995539154, 0.03990200339525534, 0.11276591243550728]","[0.10905349794238683, 0.05761316872427984, 0.16255144032921812]","[-0.014862109885750966, -0.037049042823850936, 0.007921125665376295]"
