feature,importance,group
mass_diff_ppm,742,mass
mass_diff_mDa,418,mass
adduct_err_ppm,666,mass
best_adduct_err_ppm,130,mass
adduct_is_best,0,mass
matched_peaks,548,spectral
frag_overlap_frac,586,spectral
top10_overlap_frac,160,spectral
frag_cos_binned,1112,spectral
int_weighted_frac,519,spectral
int_total_ratio,639,spectral
top5_frac_q,526,spectral
top5_frac_ref,1072,spectral
entropy_q,437,spectral
entropy_ref,918,spectral
peak_ratio,826,spectral
n_peaks_ref,814,spectral
nl_overlap_frac,539,spectral
nl_int_frac,112,spectral
mod_cos,1267,spectral
has_spectra,0,global
n_ref_spectra,349,global
