rid,query_index,scenario,query_adduct,precursor_mz,molecular_formula,retained_evidence_count,has_same_adduct_evidence,has_cross_adduct_evidence,max_modified_cosine,near_duplicate_direct_cosine,variant_a_candidate_count,variant_a_candidate_recall,variant_a_rank,variant_a_reachable,variant_b_candidate_count,variant_b_rank,correct_score,top_wrong_score,correct_minus_top_wrong,only_cross_adduct,same_adduct_only,near_duplicate_excluded,unreachable_reason
773739,,same-adduct-only,[M+H]+,311.1622,C16H18N6O,2,True,False,0.34919256935525117,0.0004044160495367989,1532,True,5,True,1849,6,0.7622125315575888,,,False,True,False,
733288,,cross-adduct,[2M+Na]+,641.2438,C18H16FN3O,6,False,True,0.002848059545344029,0.002739350319545576,256,False,,False,2194,,6.344700401427091e-05,,,True,False,False,variantA_candidate_gen_hit_false
705247,,same+cross,[2M+Na]+,647.3073,C17H20N4O2,7,True,True,0.05610409785422449,0.000750406313231166,423,True,,True,3184,,0.9889980549351465,,,False,False,False,
468783,,same-adduct-only,[M-H]-,353.1147,C19H18N2O5,1,True,False,0.0012380403546285877,0.0012236067742773364,914,True,1,True,1299,2,0.6621778724747386,,,False,True,False,
903801,,same+cross,[M+H]+,252.1235,C13H17NO4,11,True,True,0.010366902387681183,0.010366902387681183,492,True,6,True,696,6,0.9884968211729631,,,False,False,False,
153230,,same-adduct-only,[M+H]+,304.2135,C16H25N5O,1,True,False,0.0012740148852059241,0.0012740148852059241,296,True,1,True,401,1,0.7792968667993061,,,False,True,False,
286432,,same+cross,[M+H]+,291.2076,C17H26N2O2,7,True,True,0.2920433045866211,0.291941086436851,516,True,1,True,722,1,0.9575798712936983,,,False,False,False,
642414,,same+cross,[2M+H]+,673.3326,C16H24N4O2S,11,True,True,0.052505673781809856,0.052505673781809856,400,True,1,True,3742,3,0.8873350236751657,,,False,False,False,
1005984,,same-adduct-only,[M+H]+,338.1539,C16H23N3O3S,3,True,False,0.44599334383775735,0.4136366198064254,3013,True,1,True,4118,1,0.8420730194278432,,,False,True,False,
641282,,same+cross,[2M+Na]+,661.3695,C17H25N3O3,6,True,True,0.0016300886533062093,4.5047556149756176e-05,434,True,4,True,1598,5,0.9998406603749466,,,False,False,False,
944577,,same+cross,[M+H]+,369.0472,C16H14ClFN2O3S,4,True,True,0.2728482573870956,0.042397585304335454,152,True,2,True,91,2,0.9085553301974564,,,False,False,False,
119107,,same+cross,[M+H]+,353.1978,C20H24N4O2,6,True,True,0.7491940693853739,0.023533691452054983,949,True,13,True,1603,1,0.8703608987044024,,,False,False,False,
326920,,same-adduct-only,[M+H]+,280.074,C14H14ClNO3,3,True,False,0.26054792862894094,0.0006867767963316589,651,True,2,True,473,2,0.7941680150393786,,,False,True,False,
700836,,same-adduct-only,[M+H]+,307.1482,C16H22N2O2S,3,True,False,0.11635958208450048,0.05626850310187306,1608,True,4,True,1873,4,0.8630458949969545,,,False,True,False,
200902,,same+cross,[M-H]-,431.0063,C17H18Cl2N2O3S2,5,True,True,0.13684275198821855,0.0025373284513375643,28,True,1,True,41,1,0.9668717863007183,,,False,False,False,
971149,,same+cross,[M+H]+,307.2025,C17H26N2O3,5,True,True,0.10222051539832262,0.09698973574665687,656,True,1,True,1066,1,0.8505010406379565,,,False,False,False,
102202,,same-adduct-only,[M+H]+,258.0436,C13H8ClN3O,2,True,False,0.002544172218086471,0.0023046012502002983,138,True,2,True,122,1,0.8174693727547035,,,False,True,False,
100476,,same+cross,[2M+H]+,563.2163,C17H15NO3,7,True,True,0.05288606836557749,0.05286383630739188,155,True,1,True,1421,2,0.9677743386062737,,,False,False,False,
491185,,same+cross,[M+H]+,341.0796,C15H17FN2O2S2,4,True,True,0.03454960018570768,0.008770989957181834,1324,True,3,True,1478,4,0.6735665707712131,,,False,False,False,
646039,,same+cross,[2M+Na]+,757.3682,C21H25N3O3,11,True,True,0.0008883227054356374,0.0008883227054356374,227,True,,True,1131,,0.9934453398249241,,,False,False,False,
899944,,same+cross,[2M+Na]+,681.3606,C17H23N5O2,11,True,True,0.32288551146608124,0.3199333530859624,592,True,1,True,2826,1,0.9726611898677971,,,False,False,False,
970026,,same-adduct-only,[M+H]+,299.097,C15H14N4OS,2,True,False,0.010393040125714962,0.0014603116443721274,1472,True,1,True,1476,1,0.6998937272140722,,,False,True,False,
302973,,same+cross,[M+H]+,339.0949,C14H18N4O2S2,10,True,True,0.9824552641218716,0.9824552641218716,1396,True,2,True,1528,2,0.9879381478995086,,,False,False,True,
478823,,same-adduct-only,[M+H]+,323.0762,C15H19BrN2O,2,True,False,0.0382848970311775,0.00041964988758457053,795,True,1,True,675,1,0.6839487871277874,,,False,True,False,
467344,,same+cross,[M+H]+,428.16,C20H21F4N3O3,29,True,True,0.02295653314849134,0.011445375601528932,370,True,1,True,431,1,0.7800955903952513,,,False,False,False,
887854,,same+cross,[M+H]+,402.1609,C19H23N5O3S,12,True,True,0.09288107939279339,0.09132686292655383,293,True,1,True,288,1,0.8080058965521147,,,False,False,False,
87830,,same+cross,[M+H]+,357.1929,C19H24N4O3,6,True,True,0.10473815288380048,0.10063304105367023,1190,True,5,True,1579,6,0.5885665234897915,,,False,False,False,
1017747,,same-adduct-only,[M+H]+,287.1757,C17H22N2O2,3,True,False,0.03763558458473556,0.037626082135885065,556,True,1,True,718,1,0.9404988518008195,,,False,True,False,
943657,,same-adduct-only,[M+H]+,288.073,C12H17NO3S2,3,True,False,0.21874140817157894,0.006319778796120261,541,True,2,True,640,2,0.9367312102993369,,,False,True,False,
202823,,same+cross,[M+H]+,322.1935,C17H24FN3O2,5,True,True,0.12868236295301272,0.11928064909400854,896,True,3,True,1338,3,0.6185921466565709,,,False,False,False,
1127838,,same-adduct-only,[M+H]+,301.178,C15H20N6O,3,True,False,0.01732319142176452,0.00043255561277437204,640,True,1,True,856,1,0.9872055791635149,,,False,True,False,
216701,,same+cross,[M+H]+,413.1635,C23H25ClN2O3,23,True,True,0.0022409754194075925,0.0013085647413860547,666,True,2,True,570,2,0.997077418383587,,,False,False,False,
519955,,same-adduct-only,[M+H]+,269.1327,C13H20N2O2S,3,True,False,0.007451012232634053,0.006255114485579294,879,True,1,True,1080,1,0.528357006128354,,,False,True,False,
962523,,same+cross,[M+H]+,349.1843,C18H22F2N4O,8,True,True,0.7014427215083631,0.684713983006346,1895,True,1,True,2845,1,0.931279646428185,,,False,False,False,
733961,,same-adduct-only,[M+H]+,300.1269,C14H21NO4S,3,True,False,0.5475664320542285,0.5464497934680885,1602,True,1,True,1966,1,0.8993186663567581,,,False,True,False,
1025726,,same+cross,[M-H]-,328.1239,C16H19N5OS,9,True,True,0.05694344762877052,0.04482571633204944,2430,True,2,True,3564,2,0.8777439072796855,,,False,False,False,
1038950,,same-adduct-only,[M+H]+,280.1219,C14H18ClN3O,2,True,False,0.07156581381137453,0.07123664179550082,1051,True,,True,1292,,0.40496802654546227,,,False,True,False,
862807,,same+cross,[M+H]+,334.1592,C17H23N3O2S,7,True,True,0.12848774217470108,0.12848332957258837,2606,True,4,True,3746,7,0.7298179498283147,,,False,False,False,
962726,,same+cross,[M-H]-,338.1874,C20H25N3O2,5,True,True,0.39432293962244713,0.05426589962588483,1655,True,2,True,2923,2,0.9915337420482121,,,False,False,False,
249091,,same+cross,[M+H]+,366.1936,C20H23N5O2,20,True,True,0.1554484069026416,0.007146900027626807,941,True,1,True,1238,1,0.9607582246081167,,,False,False,False,
613878,,same+cross,[M-H]-,286.109,C16H17NO4,5,True,True,0.2471127182416998,0.2471127182416998,968,True,3,True,1378,11,0.3213314646564043,,,False,False,False,
363517,,same-adduct-only,[M+H]+,311.1161,C15H19ClN2O3,3,True,False,0.04577858351888336,0.045194337119372784,1581,True,9,True,1956,15,0.7067495763115273,,,False,True,False,
938984,,same+cross,[M+H]+,299.1621,C15H18N6O,4,True,True,0.3529785840492357,0.036626263630616065,898,True,5,True,1268,5,0.9667447831309155,,,False,False,False,
492441,,same-adduct-only,[M+H]+,363.148,C19H23ClN2O3,3,True,False,0.003971310482063364,0.0038776874495791455,1070,True,4,True,1304,4,0.9866021562123775,,,False,True,False,
657185,,same+cross,[2M+Na]+,705.2345,C15H20FN3O3S,14,True,True,0.1432155156349019,0.0,344,True,8,True,2837,19,0.9834906679787014,,,False,False,False,
913986,,same+cross,[M-H]-,378.1112,C15H20F3N3O3S,11,True,True,0.013865664828334087,0.00362668517816149,556,True,1,True,721,1,0.9992580143960886,,,False,False,False,
515652,,same+cross,[2M+Na]+,581.3283,C13H21N5O2,9,True,True,0.6820612488849225,0.6820609901561752,135,True,1,True,504,1,0.9993138742787713,,,False,False,False,
222891,,same+cross,[M+H]+,331.2137,C18H26N4O2,5,True,True,0.1081161199892924,0.05484362996295319,962,True,1,True,1421,1,0.6190245875622395,,,False,False,False,
14052,,same+cross,[2M+Na]+,699.3164,C20H22N2O3,12,True,True,0.016981136574754536,0.0018332885996899305,751,True,1,True,3642,1,0.9999355503360632,,,False,False,False,
809051,,same+cross,[2M+Na]+,693.431,C18H29N3O3,5,True,True,0.04457144470211999,0.0002770732102048687,199,True,10,True,469,12,0.9975711415691022,,,False,False,False,
72787,,same-adduct-only,[M+H]+,319.1575,C16H19FN4O2,3,True,False,0.062426259204077586,0.062140315895759836,2189,True,2,True,3260,2,0.989745934496977,,,False,True,False,
639859,,same+cross,[2M+Na]+,601.4195,C17H27N3O,7,True,True,2.7745322023020503e-05,2.7745322023020503e-05,56,True,4,True,217,4,0.9984471909377778,,,False,False,False,
994090,,same+cross,[2M+H]+,693.4808,C19H30N4O2,11,True,True,0.019344468662358148,0.0037698392555697126,50,True,2,True,918,2,0.987795664958044,,,False,False,False,
262629,,same+cross,[M-H]-,296.0698,C14H16ClNO4,6,True,True,0.7073209825886239,0.14239697017078598,687,True,11,True,993,12,0.3872443454172373,,,False,False,False,
758425,,same-adduct-only,[M+H]+,253.0977,C15H12N2O2,1,True,False,0.008245059674408275,0.0005075691640177618,876,True,3,True,1341,3,0.545136602710446,,,False,True,False,
881857,,same+cross,[M+H]+,355.0789,C15H18N2O4S2,6,True,True,0.0013496905172871014,0.00013497825114293661,541,True,7,True,438,4,0.530816590164289,,,False,False,False,
294663,,same+cross,[M-H]-,326.1626,C17H21N5O2,24,True,True,0.12172103712120849,0.12172103712120849,2161,True,1,True,2537,1,0.9515741164418178,,,False,False,False,
897506,,same+cross,[M-H]-,354.1029,C17H17N5O2S,12,True,True,0.22671022399827662,0.05142311261719579,778,True,2,True,1291,2,0.9830740661973462,,,False,False,False,
1017344,,same+cross,[2M+Na]+,695.3055,C19H20N4O2,6,True,True,0.0,0.0,528,True,13,True,4187,,0.9941509575155856,,,False,False,False,
981910,,same+cross,[M+H]+,360.1427,C17H20F3NO4,9,True,True,0.14642177183026622,0.030781250204229574,1391,True,1,True,1556,2,0.7955432159861969,,,False,False,False,
876416,,same+cross,[M+H]+,333.1747,C17H24N4OS,7,True,True,0.03481698559377331,0.019059011206256738,2022,True,1,True,3474,1,0.78502668833289,,,False,False,False,
190839,,same+cross,[M+H]+,331.113,C12H13F3N6O2,4,True,True,0.18055551939694583,0.16924241346544308,1746,True,2,True,2473,3,0.7843650238307175,,,False,False,False,
552399,,same+cross,[M+H]+,358.2134,C20H27N3O3,5,True,True,0.6863087285570927,0.019619125143170574,545,True,,True,913,,0.45324116127120506,,,False,False,False,
954125,,same-adduct-only,[M+H]+,353.2338,C21H28N4O,2,True,False,2.3858473251543162e-05,1.1518607463988398e-05,401,True,2,True,593,2,0.5104026738008891,,,False,True,False,
798740,,same-adduct-only,[M+H]+,345.1138,C16H22Cl2N2O2,1,True,False,0.0001876572627617131,8.952090824151873e-05,1587,True,1,True,1666,1,0.9252225744084123,,,False,True,False,
506422,,same-adduct-only,[M+H]+,340.1695,C16H25N3O3S,3,True,False,0.3735030057996422,0.010878584179319242,3094,True,3,True,4344,2,0.8164760159485519,,,False,True,False,
389961,,same+cross,[M+H]+,306.1608,C19H19N3O,7,True,True,0.029478121543135616,0.027439101186145298,1519,True,2,True,2483,1,0.954428381619167,,,False,False,False,
592040,,same+cross,[2M+H]+,691.4915,C20H31N3O2,6,True,True,0.0014216348403879528,3.377379241666641e-07,116,True,2,True,985,11,0.9994971677933262,,,False,False,False,
159434,,same+cross,[2M+Na]+,707.2197,C17H18N4O2S,11,True,True,0.0,0.0,208,True,1,True,4423,3,0.9992328692581336,,,False,False,False,
588005,,same+cross,[M+H]+,316.2141,C17H25N5O,8,True,True,0.5891579692972749,0.04183935592826556,458,True,1,True,601,1,0.9501626634348351,,,False,False,False,
976065,,same-adduct-only,[2M+Na]+,683.3287,C17H22N4O3,2,True,False,1.0968085604478618e-05,7.994669403707885e-06,546,True,20,True,2878,,0.9943784799848276,,,False,True,False,
322276,,same+cross,[M+H]+,300.1353,C16H17N3O3,10,True,True,0.6289577131677195,0.14876015015705069,1441,True,,True,1905,,0.6770798566504185,,,False,False,False,
966195,,same-adduct-only,[M+H]+,376.2713,C20H33N5O2,2,True,False,0.0414843647918727,0.003002236759419406,49,True,4,True,66,5,0.6526286252842172,,,False,True,False,
960512,,same-adduct-only,[M+H]+,330.182,C18H23N3O3,2,True,False,0.07500595247870893,0.0462583522523063,2050,True,2,True,3364,3,0.7652500161929471,,,False,True,False,
642008,,same-adduct-only,[2M+H]+,557.2557,C12H17F3N2O2,2,True,False,0.1804486959250653,0.09258729008171557,249,True,1,True,1235,2,0.5092178913711065,,,False,True,False,
722613,,same+cross,[2M+H]+,697.3466,C19H20N6O,8,True,True,6.509761384077524e-05,6.509761384077524e-05,639,True,15,True,2963,,0.9573348741906651,,,False,False,False,
973828,,same+cross,[M+H]+,373.1704,C19H24N4O2S,6,True,True,0.05162786101193812,0.02553028115949613,1055,True,1,True,1440,1,0.7589100252564027,,,False,False,False,
889765,,same+cross,[M-H]-,339.0558,C16H12N4O3S,9,True,True,0.17253215726798063,0.09253820708775538,721,True,1,True,1023,1,0.5251487566996287,,,False,False,False,
673789,,same+cross,[M+H]+,339.1387,C16H22N2O4S,5,True,True,0.1653321602299278,0.07622165478583687,3203,True,1,True,4184,1,0.9009196813448388,,,False,False,False,
376110,,same+cross,[M+H]+,358.1878,C18H23N5O3,6,True,True,0.16165673705165765,0.0357829412792421,840,True,8,True,1233,9,0.5936145986044479,,,False,False,False,
324129,,same+cross,[M-H]-,257.1299,C15H18N2O2,3,True,True,0.2957151819771773,0.03123887266926418,485,True,5,True,518,1,0.9041507370576155,,,False,False,False,
533791,,same+cross,[2M+Na]+,669.3172,C19H21N3O2,6,True,True,0.003021099854221933,0.0024519675686481813,472,True,3,True,2402,3,0.9997151281034558,,,False,False,False,
521644,,same-adduct-only,[M+H]+,239.0932,C13H10N4O,3,True,False,0.2581443611492271,0.0028208891371001507,232,True,1,True,401,1,0.9259453074727209,,,False,True,False,
320142,,same+cross,[2M-H]-,745.2997,C21H19N5O2,11,True,True,0.0018031865589933727,0.0018031865589933727,219,True,1,True,1163,1,0.9999135653206603,,,False,False,False,
390532,,same-adduct-only,[M-H]-,282.0809,C13H17NO4S,3,True,False,0.010030781687418172,0.001407467151787886,1150,True,1,True,1582,1,0.9648994466315418,,,False,True,False,
214289,,same+cross,[M+H]+,338.0859,C16H16FNO4S,10,True,True,0.05440136824220437,0.005581132775708564,1068,True,6,True,1254,7,0.6891151416369969,,,False,False,False,
596973,,same+cross,[M+H]+,389.1733,C21H20N6O2,5,True,True,0.39284642678493115,0.3899829116793138,1021,True,1,True,968,1,0.8416891090365194,,,False,False,False,
395356,,cross-adduct,[M+H]+,350.9233,C11H5Cl2FN2O2S2,3,False,True,0.07962165007221575,0.0018534157208917568,0,False,,False,8,1,0.36475401381903616,,,True,False,False,variantA_candidate_gen_hit_false
728328,,same-adduct-only,[M+H]+,345.1753,C18H24N4OS,3,True,False,0.003919979757694104,0.0038377339305195293,2167,True,3,True,3505,2,0.9496701358964866,,,False,True,False,
175370,,same-adduct-only,[M+H]+,390.1591,C20H24ClN3O3,2,True,False,0.06023897158751167,0.005167674769094919,714,True,2,True,687,3,0.8372078203803504,,,False,True,False,
410447,,cross-adduct,[M-H]-,325.1592,C16H26N2O3S,4,False,True,0.05849966311392246,0.05849966311392246,2888,False,,False,5020,,0.05917712344350002,,,True,False,False,variantA_candidate_gen_hit_false
328805,,same+cross,[M-H]-,368.1223,C17H18F3N3O3,10,True,True,0.2669751108768337,0.02690440241942348,813,True,1,True,1080,1,0.9591219499389124,,,False,False,False,
979891,,same+cross,[M-H]-,302.0882,C14H14FN5S,6,True,True,7.593619941221073e-05,7.593619941221073e-05,1087,True,1,True,1914,2,0.5755938325755124,,,False,False,False,
852894,,same-adduct-only,[M+H]+,317.153,C15H17FN6O,2,True,False,0.8358563365809456,0.8358563365809456,2836,True,,True,4408,,0.4775055290410296,,,False,True,False,
229962,,same-adduct-only,[M+H]+,347.2448,C19H30N4O2,1,True,False,0.07789861535026886,0.0743926651756407,519,True,1,True,824,1,0.8002454307216496,,,False,True,False,
886204,,same-adduct-only,[M+H]+,347.1882,C18H23FN4O2,3,True,False,0.15018335135723437,0.1501790168620412,2003,True,2,True,3260,2,0.9740713222819133,,,False,True,False,
160254,,same-adduct-only,[M+H]+,292.1772,C14H21N5O2,3,True,False,0.00042541209391873196,0.00042320117063924986,358,True,1,True,445,2,0.9974308603856386,,,False,True,False,
704453,,same-adduct-only,[M+H]+,346.0559,C16H16BrN3O,3,True,False,0.003979424501285875,0.003935729903778982,870,True,1,True,595,1,0.8659740129377663,,,False,True,False,
279161,,same-adduct-only,[M+H]+,330.2547,C20H31N3O,2,True,False,0.001415776466590863,0.00015675448332684277,150,True,1,True,188,1,0.8262717382356123,,,False,True,False,
38069,,same+cross,[M+H]+,301.1663,C16H20N4O2,7,True,True,0.10671806717468028,0.010071577580111226,1808,True,1,True,2732,1,0.8137867778002775,,,False,False,False,
758448,,same-adduct-only,[M-H]-,273.0567,C11H10N6OS,3,True,False,0.11875353345993782,0.06224514961053034,150,True,1,True,227,1,0.9084652052295085,,,False,True,False,
1010935,,same+cross,[2M+Na]+,675.1767,C17H15ClN4O,9,True,True,0.0035568047308090897,0.0001465435380125906,161,True,1,True,2009,1,0.9995547705681908,,,False,False,False,
254480,,same+cross,[M+H]+,319.2139,C17H26N4O2,6,True,True,0.006875584059174217,0.004065126217473961,722,True,1,True,1002,1,0.9774713606658829,,,False,False,False,
945797,,same+cross,[2M+H]+,685.2325,C19H19ClN2O2,3,True,True,0.002025726242957239,0.0010368496811402567,352,True,1,True,4763,1,0.7499008676929005,,,False,False,False,
933171,,same-adduct-only,[M+H]+,334.1771,C17H23N3O4,3,True,False,0.08642589448662565,0.08639996045351525,1368,True,4,True,1903,5,0.9615673079208653,,,False,True,False,
370322,,same+cross,[M+H]+,342.1458,C18H19N3O4,4,True,True,0.08809757440243095,0.08715566653850053,2750,True,1,True,4123,1,0.8038100194181632,,,False,False,False,
766832,,same+cross,[2M+H]+,685.3944,C20H26N2O3,6,True,True,0.001857183635610927,0.001857183635610927,376,True,1,True,1539,1,0.9902813925043835,,,False,False,False,
1116193,,same-adduct-only,[M+H]+,336.019,C12H9ClF3N3OS,3,True,False,0.013399405633578696,0.0017883931207641147,257,True,1,True,200,1,0.907239174468568,,,False,True,False,
499254,,same-adduct-only,[M+H]+,326.1984,C18H23N5O,3,True,False,0.15780694497731768,0.001501102982836472,912,True,1,True,1379,1,0.7323445897117772,,,False,True,False,
505731,,same+cross,[M+H]+,331.1441,C13H22N4O4S,8,True,True,0.05868042655809118,0.016354094853423845,1825,True,1,True,2831,1,0.9422628360614475,,,False,False,False,
1013672,,same-adduct-only,[M-H]-,371.0811,C19H17ClN2O4,3,True,False,0.6170774671792049,0.011761714538206278,494,True,1,True,565,1,0.9325605843295792,,,False,True,False,
671440,,same-adduct-only,[M+H]+,336.138,C16H21N3O3S,3,True,False,0.3214864971106904,0.02231189934638206,2285,True,1,True,2867,1,0.9794386152509451,,,False,True,False,
356341,,same-adduct-only,[M+H]+,302.162,C15H19N5O2,3,True,False,0.18553933991431332,0.01994153712498116,1348,True,2,True,1891,2,0.8826961565351066,,,False,True,False,
438754,,same+cross,[2M+H]+,745.1487,C14H14F2N4O4S,6,True,True,0.000648598134715464,0.000648598134715464,33,True,1,True,404,21,0.6252159194307988,,,False,False,False,
295569,,same+cross,[2M-H]-,697.1169,C16H15NO6S,11,True,True,0.14995972375762343,0.0013564548588865305,67,True,2,True,721,2,0.9886232722400244,,,False,False,False,
895542,,same+cross,[M+H]+,319.1882,C15H22N6O2,5,True,True,0.04351757473701463,0.0427377290066819,796,True,1,True,1173,1,0.9264388586000031,,,False,False,False,
489914,,same+cross,[M-H]-,290.1514,C15H21N3O3,9,True,True,0.718481523453027,0.6916993953747629,1042,True,4,True,1050,7,0.48702346904123495,,,False,False,False,
1070420,,same+cross,[M+H]+,331.1883,C16H22N6O2,5,True,True,0.5243520068718218,0.052061122103745354,1398,True,,True,2067,,0.8816516418702133,,,False,False,False,
1066269,,same+cross,[M-H]-,354.1247,C14H21N5O4S,7,True,True,0.3966803802633577,0.09909855520517541,1228,True,1,True,1047,1,0.8646849502778381,,,False,False,False,
1134781,,same+cross,[M+H]+,329.0691,C17H13ClN2O3,3,True,True,0.37555325732581013,0.029395324115872926,1001,True,1,True,669,2,0.7309620182923756,,,False,False,False,
506176,,same+cross,[M-H]-,413.129,C20H22N4O4S,4,True,True,0.022550640548145026,0.004304458761312888,636,True,,True,913,9,0.7644704528138225,,,False,False,False,
772809,,same+cross,[2M+Na]+,711.333,C17H23F3N2O2,7,True,True,1.3325256514224809e-07,1.3325256514224809e-07,367,True,1,True,3339,1,0.9998080863443598,,,False,False,False,
412069,,same-adduct-only,[M+H]+,350.1981,C20H23N5O,2,True,False,0.21034725026746434,0.0013554010701703522,1471,True,,True,2321,,0.7701981593953512,,,False,True,False,
832106,,same-adduct-only,[M+H]+,297.2542,C17H32N2O2,2,True,False,0.00711819367218522,0.006229730666395324,76,True,2,True,100,2,0.6704523359290198,,,False,True,False,
944352,,same+cross,[2M+H]+,711.46,C21H29N3O2,6,True,True,0.9986936729422712,2.7762406112069662e-05,81,True,10,True,347,,0.9382394061202167,,,False,False,False,
749962,,same+cross,[M+H]+,343.0886,C15H19ClN2O3S,10,True,True,0.22906958371827366,0.03029564530187343,1373,True,1,True,1353,2,0.796143360567296,,,False,False,False,
540887,,same+cross,[M+H]+,303.2075,C18H26N2O2,11,True,True,0.42869379151239473,0.2286452196268325,561,True,1,True,854,1,0.9675734989010055,,,False,False,False,
609941,,same+cross,[M+H]+,334.213,C18H27N3O3,5,True,True,0.2266923880497725,0.003423244071049458,697,True,1,True,1170,1,0.8143670089355698,,,False,False,False,
449054,,same+cross,[M-H]-,343.9961,C13H16BrNO3S,6,True,True,0.011444480458899122,0.00613662324493619,177,True,3,True,305,3,0.728110961223252,,,False,False,False,
378573,,same-adduct-only,[M+H]+,309.2292,C16H28N4O2,2,True,False,0.2945877434331933,0.005415142513401745,213,True,1,True,318,1,0.9311603339223354,,,False,True,False,
618219,,same+cross,[M-H]-,317.1544,C14H26N2O4S,9,True,True,0.03900183334978499,0.03900183334978499,2637,True,2,True,2980,3,0.985130229251696,,,False,False,False,
789187,,same+cross,[M-H]-,308.071,C13H15N3O4S,29,True,True,0.1272986210232254,0.12709955980843218,647,True,1,True,974,1,0.9862981013426091,,,False,False,False,
491345,,same+cross,[M-H]-,340.0375,C14H10F3N3O2S,7,True,True,0.07786585225939102,0.05824143890130709,483,True,1,True,506,1,0.5699562467941601,,,False,False,False,
331451,,same+cross,[M+H]+,355.1296,C17H20F2N2O2S,7,True,True,0.0047761220973455525,0.0047533574863434964,1042,True,1,True,1306,1,0.5920214208481808,,,False,False,False,
653811,,same+cross,[M+H]+,282.1457,C13H19N3O4,11,True,True,0.0941239661323425,0.05968347265122512,724,True,1,True,1011,1,0.9951368462821691,,,False,False,False,
269079,,same+cross,[2M+H]+,713.377,C19H24N4O3,9,True,True,0.009434576201986273,0.0007579783989840751,276,True,1,True,1551,1,0.8585570772023143,,,False,False,False,
493277,,same+cross,[2M+H]+,689.2769,C16H19F3N2O3,14,True,True,0.015623169408738823,0.015623169408738823,398,True,1,True,3711,1,0.9831873301821242,,,False,False,False,
191095,,same+cross,[M+H]+,279.0703,C14H12ClFN2O,5,True,True,0.17708562668028638,0.038991781316962106,352,True,1,True,258,1,0.8313891102013511,,,False,False,False,
238406,,same+cross,[2M+H]+,675.2784,C18H16FN5O,12,True,True,0.0003625419088521525,3.5615872781155335e-05,332,True,1,True,3017,13,0.9951402886890461,,,False,False,False,
704405,,same+cross,[M+H]+,276.1826,C14H21N5O,3,True,True,0.022987280999625964,0.020566656559670504,238,True,1,True,330,1,0.7944601610262978,,,False,False,False,
981116,,same+cross,[2M+Na]+,771.3072,C18H22N4O5,15,True,True,0.037229659065041366,0.03123550237535461,87,True,1,True,976,4,0.9938900825846232,,,False,False,False,
278215,,same+cross,[M+H]+,370.1225,C19H19N3O3S,13,True,True,0.5462729873983319,0.04532938643511113,876,True,2,True,783,2,0.8144307946326244,,,False,False,False,
794259,,same+cross,[2M+Na]+,741.2286,C19H21NO4S,14,True,True,0.004076019926070731,0.004076019926070731,557,True,1,True,828,2,0.999089761429077,,,False,False,False,
996915,,same+cross,[2M+Na]+,685.3175,C16H21N5O3,7,True,True,0.03187350334265854,0.03176364304706833,409,True,1,True,2415,1,0.999697809959667,,,False,False,False,
764994,,same+cross,[M+H]+,315.1461,C16H18N4O3,8,True,True,0.31919446775326876,0.31588948786222837,1906,True,10,True,2614,12,0.5557791287715865,,,False,False,False,
789144,,same-adduct-only,[M+H]+,303.1934,C15H22N6O,2,True,False,0.39877517663633866,0.0988496495747363,541,True,3,True,705,4,0.7858106590470266,,,False,True,False,
1019098,,same+cross,[2M+Na]+,683.3789,C19H26N2O3,14,True,True,0.0007576604649711757,0.0007576604649711757,769,True,,True,2118,,0.9995876422955678,,,False,False,False,
850907,,same+cross,[M-H]-,313.0557,C12H9F3N4O3,7,True,True,0.03661409553704465,0.012352523306771529,738,True,1,True,1139,1,0.9776778816613401,,,False,False,False,
514790,,same+cross,[M+H]+,313.1729,C16H22F2N2O2,5,True,True,0.1827878649778807,0.1820935114867781,2485,True,1,True,3553,1,0.9141158474232504,,,False,False,False,
837567,,same+cross,[M-H]-,311.1263,C15H16N6O2,5,True,True,0.03840337827881407,0.03102527149150996,1204,True,2,True,2006,2,0.8192551715895326,,,False,False,False,
74616,,same-adduct-only,[M-H]-,352.0528,C15H16ClN3O3S,1,True,False,0.0001999933171373713,0.0001999933171373713,310,True,1,True,403,1,0.791739021689779,,,False,True,False,
892228,,same+cross,[M-H]-,386.0473,C16H18ClNO6S,8,True,True,0.3027772007949608,0.006022736213665062,151,True,15,True,175,12,0.5919885100308545,,,False,False,False,
557667,,same+cross,[M+H]+,308.0527,C10H9ClF3N5O,3,True,True,0.03158471257330202,0.02697406522677809,471,True,2,True,434,2,0.8815136331661116,,,False,False,False,
808851,,same-adduct-only,[M+H]+,312.1745,C15H25N3O2S,3,True,False,0.3080999050849635,0.12462767290576635,2236,True,1,True,3138,1,0.8168817353480126,,,False,True,False,
689395,,cross-adduct,[M-H]-,417.0894,C21H17F3N2O2S,4,False,True,0.04229318334055763,0.03808303419914092,315,False,,False,424,1,0.4944309231970405,,,True,False,False,variantA_candidate_gen_hit_false
33836,,same+cross,[M+H]+,288.0461,C12H14ClNO3S,7,True,True,0.21928377856895032,0.0346586769514586,259,True,1,True,235,1,0.905337067922477,,,False,False,False,
871598,,same-adduct-only,[M+H]+,322.1468,C18H16FN5,2,True,False,0.4728546035740526,0.03487904536964412,2008,True,2,True,2478,3,0.6485119244252128,,,False,True,False,
217433,,same+cross,[2M+Na]+,643.1855,C14H18N2O4S,6,True,True,0.005617086345701753,0.005617086345701753,166,True,1,True,1813,1,0.9961405784639192,,,False,False,False,
340723,,same+cross,[M+H]+,394.1041,C20H15N3O6,11,True,True,0.1123934498313532,0.10605027583062464,510,True,1,True,510,1,0.9136000870284572,,,False,False,False,
204510,,same-adduct-only,[M+H]+,331.1216,C18H19ClN2O2,2,True,False,0.19938615075705993,0.010985304112129021,2106,True,,True,2748,,0.46021559310905025,,,False,True,False,
767797,,same-adduct-only,[M+H]+,293.14,C17H16N4O,2,True,False,0.00037369781554318576,0.00037369781554318576,883,True,,True,1454,,0.5044520123521191,,,False,True,False,
626670,,cross-adduct,[2M+H]+,495.272,C13H17N3O2,7,False,True,0.48947870867963983,0.011376066001445511,105,False,,False,364,15,0.5949323074196514,,,True,False,False,variantA_candidate_gen_hit_false
1069272,,same+cross,[M+H]+,300.1353,C16H17N3O3,7,True,True,0.024074825145184796,0.01145371346876182,1441,True,3,True,1905,4,0.7622966264105108,,,False,False,False,
258217,,same-adduct-only,[M+H]+,438.2152,C23H27N5O4,3,True,False,0.1268977629358796,0.08735102476144053,160,True,1,True,103,1,0.6231584876216767,,,False,True,False,
582826,,same+cross,[M+H]+,305.2093,C15H24N6O,6,True,True,0.08366729550243968,0.039427856621398374,288,True,3,True,352,3,0.7728526401223871,,,False,False,False,
479908,,same-adduct-only,[M+H]+,327.2189,C19H26N4O,1,True,False,0.03353891370605574,0.021766937779134625,826,True,3,True,1149,3,0.7711649514313307,,,False,True,False,
706179,,same-adduct-only,[M+H]+,272.1578,C13H19F2N3O,2,True,False,0.02582953134967543,0.018291115922576436,578,True,1,True,695,1,0.954728094836846,,,False,True,False,
515239,,same+cross,[2M+H]+,657.158,C15H18Cl2N2O2,5,True,True,0.013298614190053244,0.00028515561604122285,177,True,1,True,1060,1,0.9813646194315393,,,False,False,False,
139705,,same-adduct-only,[M+H]+,396.1716,C25H21N3O2,2,True,False,0.16888622320575486,0.16279277353447957,580,True,1,True,638,1,0.7450712069017349,,,False,True,False,
213205,,same+cross,[M+H]+,278.1305,C14H16FN3O2,7,True,True,0.14951887389428573,0.14896799084666654,1272,True,,True,1984,,0.3530689244790971,,,False,False,False,
649592,,same+cross,[M+H]+,376.1251,C17H18FN5O2S,4,True,True,0.6822036780592189,0.1233464844088492,682,True,,True,628,,0.525482946098558,,,False,False,False,
374523,,same+cross,[2M+H]+,653.357,C18H22N4O2,6,True,True,0.0025422757327432126,0.0025422757327432126,441,True,1,True,3529,1,0.9962829686049254,,,False,False,False,
111805,,same+cross,[2M+H]+,723.3312,C16H25F2N3O2S,6,True,True,0.00019638637736263132,0.00011237407065293557,270,True,2,True,1206,5,0.995223675521157,,,False,False,False,
84813,,same+cross,[M-H]-,318.1259,C16H18FN3O3,7,True,True,0.0852348123995883,0.07189718645848998,1963,True,5,True,3182,5,0.9445653164089545,,,False,False,False,
670402,,same-adduct-only,[M+H]+,283.156,C16H18N4O,3,True,False,0.2976627316411416,0.2747991663185522,1195,True,1,True,1740,1,0.7958192128628974,,,False,True,False,
973697,,same-adduct-only,[M+H]+,380.1142,C16H20F3NO4S,3,True,False,0.07780264141354444,0.07568458966474813,593,True,1,True,603,1,0.9398090888859905,,,False,True,False,
432363,,same-adduct-only,[M+H]+,325.2032,C19H24N4O,2,True,False,0.03900716681015738,0.001777074567308626,1096,True,,True,1385,,0.4528400936623139,,,False,True,False,
144336,,same+cross,[M+H]+,386.1156,C17H18F3N3O2S,4,True,True,0.1105784834442555,0.10972017049444077,570,True,1,True,610,1,0.87619434763741,,,False,False,False,
889970,,same+cross,[M+CH2O2-H]-,388.1625,C17H21N5O3,10,True,True,0.1211032521098161,0.12052566083757414,697,True,5,True,2693,6,0.7536028723474477,,,False,False,False,
793444,,same+cross,[M+H]+,395.1588,C20H21F3N2O3,10,True,True,0.25426287064080644,0.025940297820587165,821,True,1,True,918,2,0.5459839683424571,,,False,False,False,
72705,,same+cross,[M-H]-,383.1839,C19H24N6O3,9,True,True,0.6176999976099261,0.617626590429943,714,True,1,True,818,3,0.38478710802715266,,,False,False,False,
739085,,same-adduct-only,[M+H]+,419.1429,C24H22N2O3S,3,True,False,0.005483656238765533,3.6996407576670207e-06,773,True,1,True,1076,1,0.9269475367357256,,,False,True,False,
984323,,same-adduct-only,[M+H]+,318.0141,C12H13BrFNO3,3,True,False,0.16935162022745395,0.1693279452155996,269,True,1,True,237,1,0.7532963124397991,,,False,True,False,
318845,,cross-adduct,[2M+Na]+,797.5128,C21H33N5O2,5,False,True,0.0,0.0,21,False,,False,340,,0.0,,,True,False,False,variantA_candidate_gen_hit_false
234333,,same-adduct-only,[M+H]+,376.1902,C19H26ClN5O,2,True,False,0.0702238769239349,0.02166527003702199,466,True,1,True,654,1,0.6978944788386519,,,False,True,False,
589191,,same-adduct-only,[M+H]+,371.0811,C14H18ClF3N2O2S,1,True,False,0.0001271957781805814,2.2541061511500056e-05,494,True,8,True,435,9,0.31359137505192414,,,False,True,False,
1040015,,same+cross,[M+H]+,359.2199,C18H26N6O2,9,True,True,0.022273427346421435,0.022273427346421435,687,True,3,True,1133,3,0.9891869160413406,,,False,False,False,
330122,,same-adduct-only,[M+H]+,271.0876,C15H11FN2O2,3,True,False,0.03203838176726396,0.03203823782882085,1086,True,1,True,1470,1,0.9985656597594952,,,False,True,False,
641158,,same+cross,[2M+Na]+,593.2626,C17H19NO3,10,True,True,0.0016643623079164024,0.0016643623079164024,320,True,7,True,1175,8,0.9906189651562296,,,False,False,False,
867836,,same-adduct-only,[M+H]+,325.1664,C18H20N4O2,3,True,False,0.027757211537416372,0.024011571196319064,2668,True,3,True,3721,3,0.9557190380902358,,,False,True,False,
1051675,,same-adduct-only,[M+H]+,343.1593,C18H22N4OS,3,True,False,0.017948165325169255,0.013739266943408317,1986,True,2,True,2528,3,0.9425656833457536,,,False,True,False,
427731,,same-adduct-only,[M+H]+,268.1552,C14H21NO4,3,True,False,0.3497409055337705,0.276762769012078,599,True,1,True,654,1,0.9825950235030622,,,False,True,False,
1000840,,same+cross,[M-H]-,324.1274,C17H16FN5O,7,True,True,0.09856727801089936,0.034758810887549334,2094,True,10,True,3544,10,0.5539250402393695,,,False,False,False,
798790,,same+cross,[M-H]-,355.2142,C20H28N4O2,6,True,True,0.23568259836227512,0.03795727570363014,876,True,1,True,872,1,0.9928348697178305,,,False,False,False,
334522,,same+cross,[M+H]+,358.1129,C19H17ClFN3O,6,True,True,0.14458659074051,0.03723610677175745,744,True,1,True,870,1,0.9117413673884955,,,False,False,False,
783380,,same+cross,[2M+H]+,761.3376,C21H24N4OS,6,True,True,0.004454471915431124,0.0,110,True,9,True,1161,,0.9793166656907988,,,False,False,False,
787090,,same+cross,[M+H]+,346.1335,C16H19N5O2S,5,True,True,0.14068538923942386,0.14068538923942386,2060,True,1,True,3054,1,0.9506729667772857,,,False,False,False,
2538746,,same+cross,[M+H]+,325.16274,C13H20N6O4,72,True,True,0.017088241423514484,0.00022143880661332807,3316,True,1,True,4734,1,0.9872440158398782,,,False,False,False,
441257,,same-adduct-only,[M+H]+,316.1777,C16H21N5O2,3,True,False,0.09792677547702956,0.09779185778946296,1834,True,7,True,2521,7,0.9210725841264727,,,False,True,False,
913259,,same-adduct-only,[M+H]+,389.1548,C17H25FN2O5S,1,True,False,6.137443938543888e-08,4.1971722195201156e-08,1241,True,2,True,1638,3,0.363087474326075,,,False,True,False,
477256,,same-adduct-only,[M+H]+,321.0847,C13H18ClFN2O2S,1,True,False,0.0017035048536939385,0.0014208552850025209,1090,True,15,True,1213,17,0.48849788468495337,,,False,True,False,
1110123,,same-adduct-only,[M+H]+,289.1666,C15H20N4O2,3,True,False,0.11110841404862715,0.009097465361673938,881,True,1,True,1253,1,0.9433533532384764,,,False,True,False,
442124,,same-adduct-only,[M+H]+,297.1466,C15H16N6O,3,True,False,0.26624269888859775,0.11920104686439893,1038,True,1,True,1217,1,0.8691179315002487,,,False,True,False,
794642,,same+cross,[M-H]-,341.1875,C20H26N2O3,9,True,True,0.010387220652658732,0.001168038483018628,1937,True,13,True,1592,11,0.8486956866864855,,,False,False,False,
705891,,same-adduct-only,[M+H]+,356.2089,C19H25N5O2,3,True,False,0.7636891169399104,0.020697734676226365,576,True,2,True,962,2,0.9274022731662522,,,False,True,False,
913282,,same+cross,[M+H]+,349.2027,C21H24N4O,4,True,True,0.17120539486209987,0.024996551979802953,1314,True,1,True,2163,1,0.7004156558305527,,,False,False,False,
421143,,same+cross,[2M-H]-,637.3217,C15H21N5O3,11,True,True,0.1233209187833481,0.009462772475104362,185,True,1,True,1680,1,0.9978889080557103,,,False,False,False,
1084456,,same-adduct-only,[M+H]+,347.1572,C19H20F2N2O2,2,True,False,0.035038698354485774,0.011873861877875948,2838,True,4,True,4198,3,0.8331903752674793,,,False,True,False,
394047,,same+cross,[2M+Na]+,761.3134,C18H25ClFN3O2,7,True,True,0.00019520052507725273,0.00019517132410215509,110,True,1,True,1316,1,0.9982016532648453,,,False,False,False,
1107193,,same+cross,[M-H]-,334.0482,C12H12F3N3O3S,7,True,True,0.017312204975383834,0.005207004243038664,715,True,3,True,880,3,0.6161511560308209,,,False,False,False,
207403,,same+cross,[M+H]+,333.2298,C18H28N4O2,7,True,True,0.13997624530081842,0.11954838355297752,605,True,1,True,1010,1,0.6686308117540452,,,False,False,False,
326475,,same-adduct-only,[M+H]+,441.0482,C18H21BrN2O4S,2,True,False,0.003309814685423906,0.003309814685423906,98,True,1,True,155,1,0.9727241594383472,,,False,True,False,
800502,,same-adduct-only,[M+H]+,306.1245,C18H15N3O2,3,True,False,0.0037795276637818524,4.3920163085326764e-07,1758,True,1,True,2545,1,0.9668267514403892,,,False,True,False,
65631,,same+cross,[M+H]+,347.1277,C17H19ClN4O2,9,True,True,0.6825272340579271,0.013653553332184465,2585,True,3,True,2748,2,0.7995388984673912,,,False,False,False,
1083632,,same-adduct-only,[M+H]+,305.1651,C20H20N2O,3,True,False,0.009391751179081973,0.008963585409473993,1296,True,1,True,1918,2,0.5415109220040935,,,False,True,False,
232704,,same-adduct-only,[M-H]-,434.9983,C19H14Cl2N2O4S,1,True,False,0.13087468056873275,3.0144833926352006e-05,17,True,1,True,50,1,0.4326440496683432,,,False,True,False,
617980,,same+cross,[2M+Na]+,581.1991,C13H17N3O2S,7,True,True,0.044382362231367864,0.022776468251581593,186,True,8,True,1219,17,0.9884266065426277,,,False,False,False,
179007,,same+cross,[2M+Na]+,739.2291,C18H19ClN4O2,6,True,True,0.0001048359154986311,0.00010476611084009662,83,True,1,True,1082,1,0.9993236121071405,,,False,False,False,
1062011,,same-adduct-only,[M+H]+,308.11,C16H15F2NO3,3,True,False,0.04425757323351018,0.03235892496199103,1855,True,17,True,2055,18,0.52649818272312,,,False,True,False,
577328,,same-adduct-only,[M+H]+,327.1509,C19H19FN2O2,3,True,False,0.0020577538687809533,0.0016810733285584944,2578,True,1,True,3584,1,0.9960885535376099,,,False,True,False,
1079816,,same-adduct-only,[M+H]+,376.2713,C20H33N5O2,2,True,False,0.04717350918143588,0.045575164948712214,49,True,1,True,66,1,0.7215969044319593,,,False,True,False,
267095,,same+cross,[M+H]+,399.2512,C21H30N6O2,4,True,True,0.06928378247707286,0.06905524739632596,284,True,2,True,403,2,0.6796608467663744,,,False,False,False,
940452,,same-adduct-only,[M+H]+,303.2191,C17H26N4O,3,True,False,0.03342215146051413,0.007823936223806059,336,True,1,True,463,1,0.9693592450702855,,,False,True,False,
322132,,same+cross,[M-H]-,334.1198,C19H17N3O3,9,True,True,0.043033028595434196,0.0430314071217774,1776,True,1,True,2429,1,0.9997656618247669,,,False,False,False,
876494,,same+cross,[M+H]+,324.1725,C16H22FN3O3,2,True,True,0.047227623337725656,0.025034711037958148,1816,True,1,True,2966,1,0.48135560864466,,,False,False,False,
958007,,same+cross,[2M-H]-,789.1694,C15H20ClF2N3O3S,7,True,True,0.03365156217874079,0.03365156217874079,19,True,1,True,417,12,0.9659720847892963,,,False,False,False,
616711,,same-adduct-only,[M+H]+,291.2187,C16H26N4O,2,True,False,0.4411524475128897,0.0024650276579165488,279,True,3,True,409,3,0.7959130481659322,,,False,True,False,
159670,,same+cross,[M-H]-,440.0612,C21H20BrN3O3,7,True,True,0.21072235820190918,0.0011325221584651379,73,True,1,True,70,1,0.9292707207687696,,,False,False,False,
832535,,same-adduct-only,[M+H]+,244.1453,C14H17N3O,3,True,False,0.42405924825283897,0.4057245523193677,291,True,2,True,359,2,0.8811214895635262,,,False,True,False,
435837,,same-adduct-only,[M-H]-,333.0566,C15H12ClFN4O2,1,True,False,1.9787423723494448e-05,1.9787423723494448e-05,541,True,3,True,918,5,0.40482858673382444,,,False,True,False,
701859,,same-adduct-only,[M+H]+,382.0995,C17H20ClN3O3S,3,True,False,0.017889955677411425,0.010084751898110015,580,True,1,True,397,3,0.4765096401008174,,,False,True,False,
291115,,same+cross,[M+H]+,279.1714,C15H22N2O3,6,True,True,0.012927476471126785,0.010194145745019905,699,True,1,True,1034,1,0.9885191440268942,,,False,False,False,
363887,,same+cross,[M+H]+,291.1014,C14H15ClN4O,4,True,True,0.2126784588461939,0.053543213436189764,871,True,,True,999,,0.6789412493475787,,,False,False,False,
638696,,same+cross,[M+H]+,303.0572,C12H15ClN2O3S,5,True,True,0.11221215638418222,0.005332707332531519,1518,True,1,True,2175,1,0.8059031224149515,,,False,False,False,
331955,,same+cross,[2M+Na]+,759.363,C19H29ClN2O3,10,True,True,0.0,0.0,140,True,2,True,1379,2,0.908341585542294,,,False,False,False,
988011,,same-adduct-only,[M+H]+,364.1277,C18H16F3N3O2,3,True,False,0.09848528774926132,0.0641577506147756,825,True,5,True,898,4,0.6261230455364513,,,False,True,False,
127890,,same+cross,[M+H]+,336.1747,C17H25N3O2S,8,True,True,0.1151545760721175,0.08814410047443084,2670,True,1,True,3890,1,0.9566811428945073,,,False,False,False,
489233,,same-adduct-only,[M+H]+,298.1591,C14H23N3O2S,2,True,False,3.1897854488099576e-06,3.1897854488099576e-06,1765,True,3,True,2116,5,0.5387509330320636,,,False,True,False,
988696,,same+cross,[2M-H]-,897.2257,C21H24ClN3O4S,11,True,True,0.0,0.0,11,True,1,True,329,1,0.8556812739356878,,,False,False,False,
560486,,same+cross,[M+CH2O2-H]-,393.1393,C14H19F3N4O3,4,True,True,0.2227222354439304,0.2227222354439304,930,True,2,True,3054,8,0.36684041653067023,,,False,False,False,
255530,,same+cross,[M+H]+,316.1297,C16H17N3O4,5,True,True,0.1012862032809471,0.09986008595593736,1859,True,6,True,2681,7,0.48389657525290414,,,False,False,False,
729359,,same-adduct-only,[M+H]+,336.1382,C16H21N3O3S,2,True,False,0.5935057688123112,0.0008330348430796458,2334,True,,True,2935,,0.511650220861777,,,False,True,False,
498958,,same-adduct-only,[M+H]+,272.1405,C15H17N3O2,2,True,False,0.03210276971267842,0.005630657079248173,1000,True,5,True,1354,7,0.4732652359756479,,,False,True,False,
6959,,same-adduct-only,[M+NH4]+,313.1669,C17H17N3O2,2,True,False,0.8484805602684528,0.035521011651358486,2143,True,,True,2259,,0.5003097097386204,,,False,True,False,
781230,,same+cross,[M+H]+,355.0659,C15H19BrN2O3,13,True,True,0.0849821321302152,0.04769969400314217,531,True,1,True,538,1,0.9997340274402758,,,False,False,False,
59946,,same+cross,[M+H]+,280.1095,C13H14FN3O3,7,True,True,0.17123355494639356,0.0016603375068984351,1193,True,1,True,1394,1,0.8187562519753331,,,False,False,False,
104401,,same+cross,[M-H]-,358.0735,C15H19Cl2N3O3,7,True,True,0.46038215518184533,0.0053784835997714745,347,True,1,True,454,1,0.9031901702303621,,,False,False,False,
766685,,same+cross,[M+H]+,319.1772,C16H22N4O3,7,True,True,0.0908677103641469,0.07489848273239846,1216,True,1,True,1808,1,0.9170959470711889,,,False,False,False,
55598,,same+cross,[M+H]+,355.1569,C19H19FN4O2,31,True,True,0.12484998226150336,0.08394756946887888,1472,True,1,True,2145,1,0.9509615835036669,,,False,False,False,
242799,,same-adduct-only,[M+H]+,358.1844,C19H21F2N5,2,True,False,0.01838672080757205,0.01838672080757205,1301,True,1,True,2047,1,0.9644604398216441,,,False,True,False,
879448,,same-adduct-only,[M+H]+,345.1819,C19H24N2O4,2,True,False,0.18480494719525212,0.1807307702019763,2012,True,7,True,3354,7,0.6310233728974393,,,False,True,False,
612863,,same+cross,[2M+H]+,785.3738,C18H20N10O,6,True,True,0.006988027933042945,0.006988027933042945,135,True,1,True,1117,3,0.9959363435438221,,,False,False,False,
623796,,same-adduct-only,[M+H]+,341.0866,C15H21BrN2O2,2,True,False,0.017998894317421403,0.0018812814905213053,1375,True,3,True,1658,3,0.7207247715890576,,,False,True,False,
42620,,same+cross,[2M-H]-,509.2361,C11H17N3O4,9,True,True,0.05642453235473722,0.05163864361958298,75,True,1,True,357,2,0.8826030447849944,,,False,False,False,
655225,,same+cross,[2M+H]+,795.3171,C20H20FN5O3,6,True,True,0.0003441120282692728,0.00025849071965456646,123,True,1,True,956,1,0.8371710345730227,,,False,False,False,
280388,,same-adduct-only,[M+H]+,336.1462,C18H17N5O2,2,True,False,0.00039360995837600107,8.941145917495545e-05,2268,True,1,True,3210,1,0.667593008783517,,,False,True,False,
189191,,same+cross,[M-H]-,324.1005,C16H20ClNO4,10,True,True,0.17827288283929552,0.005193554424995995,1533,True,1,True,2672,1,0.9969497462623277,,,False,False,False,
357168,,same-adduct-only,[M+H]+,356.1977,C20H25N3O3,2,True,False,0.6474018998407399,0.6388758686918858,838,True,4,True,1432,4,0.6742723212292844,,,False,True,False,
195762,,same-adduct-only,[M+H]+,348.1164,C17H15F2N3O3,3,True,False,0.21003227872872607,0.04144092765154104,1616,True,15,True,1925,11,0.34428893036030916,,,False,True,False,
895859,,same-adduct-only,[M+H]+,304.2139,C16H25N5O,3,True,False,0.010336765530324026,0.00817440170143619,290,True,1,True,401,1,0.988391962738041,,,False,True,False,
630255,,same-adduct-only,[M+H]+,314.0508,C12H16BrN3O2,3,True,False,0.015974503469039565,0.014184025019258677,619,True,2,True,511,2,0.809115307838279,,,False,True,False,
8769,,cross-adduct,[2M+CH2O2-H]-,815.1276,C19H16ClN3O2S,7,False,True,0.027605706593809346,0.027605706593809346,11,False,,False,211,5,0.8217623765929792,,,True,False,False,variantA_candidate_gen_hit_false
369521,,same+cross,[2M+H]+,603.3252,C17H20FN3O,6,True,True,0.2872861086879355,0.01999333782450026,317,True,1,True,2541,2,0.9081493103198458,,,False,False,False,
627948,,same+cross,[2M+Na]+,557.242,C17H17NO2,7,True,True,0.027391729758868166,0.010518857935022875,247,True,8,True,877,1,0.910907426615299,,,False,False,False,
929115,,same+cross,[M-H]-,366.1685,C18H21N7O2,8,True,True,0.22737961547895089,0.043669126694687345,814,True,1,True,857,3,0.8492047664005091,,,False,False,False,
297896,,same-adduct-only,[M+H]+,396.2655,C24H33N3O2,2,True,False,0.0006566573606604527,0.0006563885447997497,81,True,1,True,104,1,0.4256058268781814,,,False,True,False,
136305,,same+cross,[M+H]+,376.1068,C18H18ClN3O4,4,True,True,0.019518684671462352,0.0025513976784323246,692,True,1,True,473,1,0.950848335426966,,,False,False,False,
463365,,same+cross,[M-H]-,339.103,C15H18ClFN4O2,7,True,True,0.1087311756653539,0.10001047063909338,1869,True,1,True,2478,1,0.9614775380039718,,,False,False,False,
315360,,same+cross,[2M+H]+,683.3863,C20H24FN3O,4,True,True,0.030460775687890754,0.030460775687890754,669,True,1,True,2745,7,0.9265211648457924,,,False,False,False,
1068751,,same-adduct-only,[M-H]-,316.0148,C13H13Cl2NO4,1,True,False,3.876578403942296e-05,3.337645025901152e-05,228,True,1,True,318,1,0.9994501793715765,,,False,True,False,
10438,,same+cross,[2M-H]-,677.2409,C17H22ClNO4,13,True,True,0.00110464676974612,0.00110464676974612,616,True,,True,3184,,0.9879523107822397,,,False,False,False,
853800,,same-adduct-only,[M+H]+,357.0815,C15H21BrN2O3,3,True,False,0.0048615817235683695,0.0029651252148873283,565,True,2,True,562,2,0.9171282508778988,,,False,True,False,
727856,,same-adduct-only,[M+H]+,352.1476,C17H19F2N3O3,3,True,False,0.0024676739713547207,0.0020178508032388854,1213,True,4,True,1289,4,0.8553248051210519,,,False,True,False,
92271,,same-adduct-only,[M+H]+,251.1562,C14H19FN2O,7,True,False,0.01458433223975153,0.007196570885297602,715,True,1,True,1234,1,0.9999181517633688,,,False,True,False,
169213,,same-adduct-only,[M+H]+,304.0972,C14H14ClN5O,1,True,False,0.012403593414766156,0.010051574915471272,907,True,3,True,1129,3,0.7733810724857518,,,False,True,False,
416232,,same-adduct-only,[M+H]+,313.1644,C15H19F3N4,2,True,False,0.007963920736846531,0.00014946415229296234,2872,True,4,True,4283,3,0.7340318900895381,,,False,True,False,
2539574,,same+cross,[M+H]+,181.07283,C7H8N4O2,580,True,True,0.0019215152279916938,0.0008453748658768426,1138,True,1,True,1762,1,0.9816904302172317,,,False,False,False,
587823,,same-adduct-only,[M+H]+,357.0408,C15H14Cl2N2O4,1,True,False,0.03466425710426131,0.00214235744649021,222,True,25,True,155,16,0.36039367695320906,,,False,True,False,
197848,,same+cross,[M+H]+,367.1155,C17H22N2O3S2,7,True,True,0.18040031679949334,0.13347109593365042,1110,True,2,True,943,2,0.9353835068493304,,,False,False,False,
515694,,same+cross,[2M+Na]+,705.4498,C17H31N3O4,5,True,True,0.002311134943621793,0.002311134943621793,28,True,1,True,1092,1,0.9073649649473028,,,False,False,False,
156672,,cross-adduct,[2M+Na]+,847.3007,C23H25ClN2O3,8,False,True,0.014524487136769303,0.0002367053464522319,56,False,,False,603,6,0.9517130343082578,,,True,False,False,variantA_candidate_gen_hit_false
420186,,same-adduct-only,[M-H]-,371.0252,C14H17BrN2O5,3,True,False,0.00551264868937147,0.004184785920838877,117,True,3,True,210,2,0.49907879310524084,,,False,True,False,
754948,,same+cross,[2M+H]+,789.4784,C23H30N4O2,9,True,True,0.001234761754012039,0.001234761754012039,266,True,2,True,489,5,0.9990893581566124,,,False,False,False,
640481,,same-adduct-only,[M+H]+,327.1342,C18H18N2O4,3,True,False,0.0358393671917925,0.03558392729667155,2383,True,1,True,3299,1,0.9600811177290121,,,False,True,False,
58071,,same+cross,[M+H]+,353.2075,C18H28N2O5,7,True,True,0.07175108215137764,0.06351944848901846,844,True,1,True,1012,1,0.9041867299743607,,,False,False,False,
658561,,same+cross,[M+H]+,302.133,C16H19N3OS,7,True,True,0.29407754149810766,0.05485136369246653,1999,True,1,True,2273,1,0.7735206153175684,,,False,False,False,
152467,,same+cross,[2M+H]+,589.2529,C15H14N6O,15,True,True,0.002304387104606837,0.002304387104606837,214,True,6,True,1453,,0.9957652071745062,,,False,False,False,
519143,,same+cross,[M-H]-,267.0808,C12H16N2O3S,5,True,True,0.978526299723023,0.9783039111307066,749,True,1,True,1229,2,0.9925577997120505,,,False,False,True,
344702,,same-adduct-only,[M+H]+,358.1364,C19H17F2N3O2,3,True,False,0.10807579700026058,0.01976711818402034,1201,True,2,True,1512,2,0.9529503715320164,,,False,True,False,
726604,,same+cross,[2M+H]+,755.3319,C18H24ClN5O2,11,True,True,0.03394295697271647,0.03393431653110429,181,True,1,True,662,1,0.982192845796292,,,False,False,False,
330419,,same-adduct-only,[M+H]+,333.0268,C12H17BrN2O2S,3,True,False,0.07809605378968358,0.000768636306680575,434,True,1,True,397,1,0.9917341179232015,,,False,True,False,
1006933,,same-adduct-only,[M+H]+,288.2078,C17H25N3O,3,True,False,0.0007367619699013364,0.0006537952681122534,249,True,1,True,361,1,0.9026779532679414,,,False,True,False,
431909,,cross-adduct,[M+Na]+,380.195,C20H27N3O3,14,False,True,0.25097156343801913,0.17188817709116724,537,False,,False,910,1,0.8260736545215185,,,True,False,False,variantA_candidate_gen_hit_false
497391,,same-adduct-only,[M+H]+,299.1872,C17H22N4O,3,True,False,0.06275654482768349,0.05749039022415514,1012,True,5,True,1417,5,0.9382111053438754,,,False,True,False,
321388,,same+cross,[M+H]+,278.1391,C15H19NO4,10,True,True,0.35055484087184263,0.35041664140613843,1182,True,,True,1856,,0.7089392227814022,,,False,False,False,
734280,,same+cross,[M+H]+,263.1763,C15H22N2O2,6,True,True,0.012936707031558673,0.0002759552191416772,704,True,1,True,954,1,0.9986070560212837,,,False,False,False,
997790,,same+cross,[2M+Na]+,691.309,C17H20F2N4O,6,True,True,0.0004353882254031097,0.0004349202627564325,324,True,1,True,2555,7,0.999710906830039,,,False,False,False,
1147613,,same+cross,[M+H]+,356.1971,C20H25N3O3,5,True,True,0.013800333770167471,0.01061331562298169,838,True,12,True,1397,13,0.6554994131792803,,,False,False,False,
62069,,same+cross,[M+H]+,329.1728,C16H20N6O2,6,True,True,0.08591836225298398,0.08413191893424694,1557,True,5,True,2361,9,0.7453852548196367,,,False,False,False,
4911,,same+cross,[2M+H]+,685.4209,C19H26N4O2,7,True,True,0.028260409958869723,0.028260409958869723,302,True,1,True,2975,1,0.6896522023222177,,,False,False,False,
457826,,same+cross,[2M+H]+,751.421,C22H25N5O,6,True,True,0.0013767406626086587,0.0013767406626086587,68,True,1,True,454,1,0.9829986912624212,,,False,False,False,
734382,,same+cross,[M-H]-,287.082,C13H13ClN6,4,True,True,0.010102028410613539,0.010102028410613539,1058,True,1,True,569,1,0.8424149444484766,,,False,False,False,
509722,,same-adduct-only,[M+H]+,315.1933,C16H22N6O,3,True,False,0.015512368592507781,0.015502010548808617,755,True,1,True,883,1,0.6730110426229838,,,False,True,False,
833352,,same-adduct-only,[M+H]+,292.0759,C13H13N3O3S,3,True,False,0.008478369402366435,0.005986924364662143,568,True,1,True,536,1,0.953340866931353,,,False,True,False,
104980,,same+cross,[M-H]-,347.0513,C15H17BrN4O,5,True,True,0.007159626192277193,6.78233366154089e-05,492,True,9,True,810,9,0.9751562209571417,,,False,False,False,
784493,,same+cross,[2M+H]+,811.4166,C24H27N3O3,10,True,True,0.0011081801681887716,0.0011081801681887716,50,True,1,True,310,1,0.9526934571497061,,,False,False,False,
891397,,same+cross,[2M+H]+,685.2375,C17H18N4O2S,6,True,True,0.009534293187148098,0.009534293187148098,335,True,1,True,4385,3,0.9950956145386892,,,False,False,False,
9934,,same-adduct-only,[M+H]+,332.118,C15H17N5O2S,3,True,False,0.13448128518724414,0.007548440293928653,1603,True,2,True,2420,2,0.7766747978755287,,,False,True,False,
984550,,same+cross,[2M+Na]+,563.2852,C15H18N4O,7,True,True,0.07382988527307847,0.00011479355364146722,124,True,4,True,762,10,0.9419705149990841,,,False,False,False,
1063391,,same+cross,[2M+H]+,561.3145,C13H20N4O3,4,True,True,0.25410584043697093,0.0051827201470691095,239,True,1,True,873,1,0.8256894671662764,,,False,False,False,
181614,,same-adduct-only,[M+H]+,393.0482,C14H21BrN2O4S,2,True,False,0.3822152167754185,0.0004739446387999175,145,True,15,True,67,14,0.4652013152462446,,,False,True,False,
1072736,,same+cross,[M+H]+,301.0415,C12H13ClN2O3S,6,True,True,0.43341451649608104,0.05192236844580536,722,True,1,True,284,1,0.8037065021820142,,,False,False,False,
222052,,same-adduct-only,[M+H]+,281.1671,C15H21FN2O2,3,True,False,0.12081267294755123,0.005299406618127427,654,True,3,True,982,2,0.6478132428359625,,,False,True,False,
474736,,same-adduct-only,[M+H]+,341.1775,C19H21FN4O,2,True,False,0.1837579800011908,0.01726822996793835,2162,True,,True,3194,,0.49702017523364533,,,False,True,False,
836724,,same-adduct-only,[M+H]+,303.2296,C16H26N6,3,True,False,0.27507985143239705,0.25303249637637154,907,True,1,True,615,1,0.905346388751549,,,False,True,False,
350257,,same+cross,[M+H]+,290.1421,C14H16FN5O,5,True,True,0.06695115116824339,0.024598729437022633,1816,True,8,True,2440,4,0.9401826351213617,,,False,False,False,
527826,,same+cross,[2M+Na]+,599.2842,C16H20N2O3,6,True,True,0.0006659144450978093,0.00044026360187134105,335,True,1,True,1302,1,0.999936393442516,,,False,False,False,
398752,,same+cross,[2M+Na]+,643.3242,C19H22N2O2,7,True,True,0.0005571457528917228,0.000514507442665204,437,True,2,True,1573,2,0.9986191630180338,,,False,False,False,
5448,,same+cross,[M+H]+,355.1597,C19H22N4OS,4,True,True,0.08500839803528944,0.08500677628588789,1565,True,1,True,2134,1,0.9385264524089025,,,False,False,False,
575831,,same+cross,[M+H]+,268.1347,C14H18FNO3,5,True,True,0.012597816312655042,0.0027677368077604573,601,True,6,True,947,7,0.8472047943506495,,,False,False,False,
451445,,same+cross,[M-H]-,296.0848,C16H12FN3O2,5,True,True,0.23042493350946316,0.0030983688921727864,510,True,1,True,896,1,0.8814501490593029,,,False,False,False,
335708,,same-adduct-only,[2M+H]+,619.2661,C15H17F2N3O2,3,True,False,5.394312194059623e-06,5.394312194059623e-06,244,True,11,True,2508,,0.9063326900915529,,,False,True,False,
534378,,same+cross,[M+H]+,319.1658,C17H22N2O4,7,True,True,0.7809343781828689,0.780730040922505,1874,True,1,True,2818,1,0.9783589624616812,,,False,False,False,
876435,,same+cross,[M+H]+,309.172,C18H20N4O,11,True,True,0.005186683572405265,0.0048369242869715666,1404,True,1,True,1884,1,0.9981987496363959,,,False,False,False,
918101,,same-adduct-only,[M+H]+,341.1981,C19H24N4O2,1,True,False,0.03674677204252717,0.016309569546206538,2376,True,16,True,3734,17,0.9782323408459126,,,False,True,False,
51256,,same-adduct-only,[M+H]+,310.0556,C13H16BrN3O,3,True,False,0.0019450936387540804,0.001942324905942141,448,True,1,True,437,1,0.9329507169050276,,,False,True,False,
890592,,same+cross,[M-H]-,257.0873,C13H14N4S,7,True,True,0.062499789159452104,0.04274971147232399,1078,True,2,True,1367,2,0.8459055305387575,,,False,False,False,
356034,,same+cross,[M-H]-,321.1173,C15H16F2N4O2,7,True,True,0.05977601917839767,0.05401796383054597,1819,True,3,True,2164,6,0.6572546522469224,,,False,False,False,
446083,,same-adduct-only,[M+H]+,252.1829,C12H21N5O,3,True,False,0.17255035444180078,0.16639153404417303,60,True,1,True,72,1,0.357020804929859,,,False,True,False,
851690,,same+cross,[M-H]-,343.1029,C14H15F3N4O3,6,True,True,0.23276617737810856,0.013880077639960397,1698,True,1,True,2507,1,0.9947425907563944,,,False,False,False,
881807,,same-adduct-only,[M+H]+,284.1609,C13H21N3O4,3,True,False,0.041795041211648204,0.01235848800075108,412,True,1,True,405,1,0.775170471638049,,,False,True,False,
801350,,same+cross,[M+H]+,319.2137,C17H26N4O2,6,True,True,0.1201791847777121,0.01689770862131495,718,True,1,True,996,1,0.8868585805542214,,,False,False,False,
829413,,same+cross,[2M+H]+,859.1123,C18H15ClF3N3O2S,11,True,True,0.5001418516155104,0.5001410633606123,23,True,1,True,114,1,0.9646345708508101,,,False,False,False,
1115240,,same+cross,[2M+Na]+,577.3483,C15H23N3O2,6,True,True,0.0403695800196548,0.03841902256462214,161,True,10,True,1238,13,0.9971690251811947,,,False,False,False,
915819,,same+cross,[M-H]-,286.1091,C16H17NO4,9,True,True,0.3852376171313563,0.008279562853925991,971,True,1,True,1378,1,0.9847418849978415,,,False,False,False,
247541,,same+cross,[M+H]+,307.1774,C15H22N4O3,7,True,True,0.3285248884361307,0.32820678486836213,980,True,3,True,1463,3,0.910637683265003,,,False,False,False,
795545,,same+cross,[M+H]+,321.1016,C14H16N4O3S,8,True,True,0.6180244334201785,0.389235450130399,1459,True,12,True,1807,7,0.6790398622316863,,,False,False,False,
383440,,same-adduct-only,[M+H]+,346.2239,C18H27N5O2,3,True,False,0.02661748097983325,0.01137316026625437,498,True,1,True,816,1,0.8300874375545321,,,False,True,False,
375790,,same-adduct-only,[M+H]+,320.1628,C17H17N7,2,True,False,0.0285977344630272,0.028525896131866898,1412,True,1,True,2250,1,0.964778259211615,,,False,True,False,
325508,,same-adduct-only,[M-H]-,334.1376,C17H19F2N3O2,1,True,False,0.005119397167266006,8.706348828658715e-05,2244,True,5,True,2743,10,0.8747973413232354,,,False,True,False,
1139445,,same+cross,[2M+Na]+,655.4199,C19H28N2O2,5,True,True,0.026150013689901958,0.026150013689901958,257,True,6,True,752,7,0.9998043231841325,,,False,False,False,
1071299,,same+cross,[M+H]+,291.163,C12H20F2N4O2,6,True,True,0.5014551883223607,0.13188226111731655,1133,True,1,True,1725,1,0.9480424065937509,,,False,False,False,
644484,,same+cross,[M+CH2O2-H]-,369.2396,C18H32N2O3,9,True,True,0.0793148689764876,0.07923684523111127,378,True,1,True,234,1,0.7448197691811297,,,False,False,False,
1110773,,same+cross,[M-H]-,361.1313,C20H18N4O3,11,True,True,0.07120308528620778,0.028582431940800616,1288,True,2,True,1610,1,0.9265513785508337,,,False,False,False,
208852,,same+cross,[2M+H]+,495.2721,C13H17N3O2,6,True,True,0.003733074138761679,0.0013107514521865141,105,True,3,True,364,10,0.9829542504806841,,,False,False,False,
109156,,same-adduct-only,[M+H]+,401.1347,C18H22F2N2O4S,3,True,False,0.009481950184960765,0.00931569806145728,415,True,1,True,423,1,0.8909896081135723,,,False,True,False,
597824,,same+cross,[M+H]+,323.1685,C16H20F2N4O,7,True,True,0.1747793008592155,0.17400204822669094,1814,True,2,True,2609,2,0.606514287501951,,,False,False,False,
921329,,same+cross,[2M+H]+,707.2838,C19H19N3O4,19,True,True,0.19275389147180888,0.19275389147180888,187,True,1,True,1578,1,0.9453153268407295,,,False,False,False,
787742,,same+cross,[M+H]+,351.1458,C19H18N4O3,6,True,True,0.12111176426175979,0.04801177262686117,1194,True,2,True,1525,2,0.8199387716730813,,,False,False,False,
578331,,same-adduct-only,[M+H]+,338.2271,C18H31N3OS,2,True,False,0.16643115004393416,0.07972035372077518,369,True,1,True,512,1,0.5871979008142527,,,False,True,False,
461170,,same+cross,[M+H]+,261.1354,C13H16N4O2,8,True,True,0.1824413388497628,0.18060123429423044,616,True,1,True,740,1,0.9779553080321969,,,False,False,False,
930120,,same-adduct-only,[M+H]+,411.0872,C19H20Cl2N2O4,2,True,False,0.015279147440299843,9.795169556180505e-05,181,True,1,True,165,1,0.7791113298662801,,,False,True,False,
415298,,same-adduct-only,[M-H]-,286.0308,C12H14ClNO3S,1,True,False,0.001307575973675567,0.0005950666861718714,79,True,1,True,209,1,0.9462107618969893,,,False,True,False,
796789,,same-adduct-only,[M+H]+,325.1591,C16H24N2O3S,2,True,False,0.0023190655872904406,0.000617759850460514,2886,True,1,True,4069,1,0.9835339792851795,,,False,True,False,
901958,,same+cross,[2M+H]+,759.388,C22H25N3O3,12,True,True,0.02519987321884113,0.024680321072274452,153,True,1,True,785,1,0.9891951168570251,,,False,False,False,
286189,,same+cross,[M+H]+,379.0964,C20H15ClN4O2,5,True,True,0.3831043230919781,0.02098950707345002,674,True,2,True,442,2,0.8423761170551272,,,False,False,False,
176392,,same+cross,[M+H]+,283.1485,C14H22N2O2S,6,True,True,0.045370918598022864,0.021347017523109656,1423,True,1,True,2077,1,0.860302015416389,,,False,False,False,
27493,,cross-adduct,[M-H]-,329.9531,C12H11BrClNO3,4,False,True,0.055626896366529885,0.00018029229845503185,24,False,,False,55,12,0.16252368703968842,,,True,False,False,variantA_candidate_gen_hit_false
742709,,same+cross,[M+H]+,353.9471,C10H12BrNO4S2,7,True,True,0.6226203053848023,0.006694403116178314,12,True,1,True,11,1,0.6822682815418759,,,False,False,False,
408866,,same+cross,[M+H]+,303.0665,C13H16Cl2N2O2,7,True,True,0.10552088229318081,0.0017214917558647377,528,True,1,True,540,1,0.9924225692970047,,,False,False,False,
750702,,same-adduct-only,[M+H]+,278.1392,C15H19NO4,3,True,False,0.00039262209147520146,6.319982231152424e-05,1182,True,16,True,1858,23,0.6399610230421439,,,False,True,False,
243568,,same-adduct-only,[M+H]+,355.2249,C19H26N6O,3,True,False,0.004971106447085293,1.5867742944769255e-05,392,True,2,True,432,2,0.8507828384034155,,,False,True,False,
941864,,same+cross,[M+H]+,320.2229,C19H29NO3,7,True,True,0.030205333107058033,0.009451906555277844,233,True,3,True,353,3,0.9593643402129086,,,False,False,False,
185066,,same+cross,[M+H]+,282.2189,C15H27N3O2,3,True,True,0.037248831344901916,0.03161809459703167,177,True,1,True,255,1,0.9579600767566778,,,False,False,False,
92229,,same+cross,[M+H]+,270.1708,C14H23NO4,9,True,True,0.3400007490732567,0.010697316403156399,511,True,1,True,648,1,0.9826813439460089,,,False,False,False,
17338,,same-adduct-only,[M+H]+,349.2604,C19H32N4O2,3,True,False,0.0657951942109626,0.06569509233492388,233,True,1,True,308,1,0.8720174282733474,,,False,True,False,
657926,,same-adduct-only,[M+H]+,302.1176,C12H19N3O4S,1,True,False,0.0006294434897477053,0.00019932695191109478,1337,True,3,True,1537,3,0.5654614652036202,,,False,True,False,
827143,,same+cross,[2M+H]+,791.4708,C22H29N5O2,6,True,True,0.1380758999528413,0.1380758999528413,44,True,1,True,440,1,0.7997843133630713,,,False,False,False,
1076025,,same+cross,[M+H]+,317.1983,C17H24N4O2,7,True,True,0.0014453286637378948,0.0013893632955696157,872,True,1,True,1415,1,0.9992366144040737,,,False,False,False,
755702,,same-adduct-only,[M+H]+,386.1497,C18H20ClN7O,3,True,False,0.019598133144650184,0.01959757055829079,692,True,1,True,843,1,0.9594633199517454,,,False,True,False,
1108667,,same+cross,[M+H]+,344.2085,C18H25N5O2,10,True,True,0.1410793382630905,0.1406400762559137,1443,True,1,True,2452,1,0.9246703897899844,,,False,False,False,
622887,,same+cross,[M-H]-,308.1105,C16H17F2NO3,11,True,True,0.10266977084886691,0.009722494448192232,1854,True,3,True,2498,4,0.925187139503549,,,False,False,False,
581202,,same-adduct-only,[M+H]+,383.11,C17H22N2O4S2,1,True,False,0.018909897462106758,2.29143420656719e-05,742,True,2,True,530,1,0.8598296740308592,,,False,True,False,
118254,,same+cross,[2M+H]+,661.3206,C18H22N2O4,7,True,True,0.030964631981284435,0.03095703310325836,393,True,1,True,3891,1,0.9333547718302276,,,False,False,False,
344608,,same-adduct-only,[M+H]+,325.203,C19H24N4O,3,True,False,0.02752298751349507,0.023818649810491553,1106,True,1,True,1393,1,0.9992699461763113,,,False,True,False,
90350,,same+cross,[M-H]-,366.1294,C20H21N3O2S,7,True,True,0.006932655451177032,0.005252741521644361,603,True,3,True,892,5,0.3720344421872432,,,False,False,False,
352271,,same-adduct-only,[M+H]+,331.1938,C18H23FN4O,2,True,False,0.00034610383577561414,0.0003455077076562086,1993,True,1,True,3362,1,0.9260397033236288,,,False,True,False,
686862,,same+cross,[M+H]+,245.1655,C15H20N2O,7,True,True,0.11643569122409125,0.11643458403120042,188,True,1,True,315,1,0.9542461133402258,,,False,False,False,
886314,,same-adduct-only,[M+H]+,350.061,C14H16BrN5O,3,True,False,0.0321234476797514,0.009206745457134026,478,True,1,True,505,1,0.8317222029042043,,,False,True,False,
369870,,same+cross,[M+H]+,322.0894,C16H13F2NO4,15,True,True,0.08003338910029344,0.0748774442205053,1055,True,1,True,1116,1,0.8738888939163175,,,False,False,False,
400547,,same+cross,[M+H]+,277.1665,C14H20N4O2,4,True,True,0.6263491930259556,0.06396963824885367,523,True,3,True,667,3,0.7791078216748389,,,False,False,False,
1120485,,same-adduct-only,[M+H]+,318.1276,C16H19N3O2S,3,True,False,0.0007715382998641272,0.00023072102350880583,2108,True,2,True,2796,2,0.8718873036043401,,,False,True,False,
772034,,same+cross,[2M+H]+,683.2109,C15H17F2N3O2S,7,True,True,0.0944552908507295,0.003787885328240727,293,True,9,True,2201,,0.9496940555174674,,,False,False,False,
77163,,same+cross,[M+H]+,300.1046,C14H15F2NO4,11,True,True,0.26007643158179894,0.23897120417113932,821,True,1,True,880,1,0.8726410448312877,,,False,False,False,
1112757,,same-adduct-only,[M+H]+,317.2235,C19H28N2O2,2,True,False,0.08282492463849075,0.08277264617097692,461,True,,True,761,,0.30235946168111716,,,False,True,False,
959389,,same+cross,[2M+Na]+,621.2273,C14H21NO4S,7,True,True,0.0005412186273392938,0.0003357018419930187,276,True,1,True,1981,1,0.9987555520759706,,,False,False,False,
411401,,same-adduct-only,[M+H]+,319.1573,C16H19FN4O2,3,True,False,0.1557471321904042,0.027691709901451655,2281,True,10,True,3408,15,0.5125600603043489,,,False,True,False,
684071,,same+cross,[2M+H]+,577.3041,C16H20N2O3,6,True,True,0.028028158964499936,0.028028158964499936,90,True,1,True,1319,19,0.3198836697946403,,,False,False,False,
929849,,same-adduct-only,[M+H]+,345.1727,C18H21FN4O2,3,True,False,0.007570343305646488,0.006921819942681155,2330,True,5,True,3800,4,0.8771506427584193,,,False,True,False,
244361,,same-adduct-only,[M+H]+,292.0965,C13H14ClN5O,3,True,False,0.2098303723156328,0.20982379342940066,636,True,1,True,694,3,0.9465527616548267,,,False,True,False,
6296,,cross-adduct,[2M+H]+,557.1536,C13H14N2O3S,4,False,True,0.0005421697002866015,0.0004082378074234131,58,False,,False,448,1,0.9215716551632858,,,True,False,False,variantA_candidate_gen_hit_false
1029257,,cross-adduct,[M+H]+,352.2147,C20H25N5O,4,False,True,0.027592971215847403,0.0024544237928338358,311,False,,False,463,3,0.9638771113337308,,,True,False,False,variantA_candidate_gen_hit_false
437234,,same+cross,[M+H]+,321.1529,C16H18F2N4O,7,True,True,0.0449803832832318,0.037329176342246216,1851,True,1,True,2451,2,0.5941046302565566,,,False,False,False,
502736,,same+cross,[M-H]-,360.0357,C16H16BrN3O2,2,True,True,0.02901938278344525,0.02437110937370158,309,True,8,True,243,9,0.7301307844436455,,,False,False,False,
39112,,same+cross,[2M+Na]+,685.2604,C17H21N3O2S,7,True,True,0.004637463124001399,9.433832706839075e-05,540,True,2,True,2991,2,0.9978081314777673,,,False,False,False,
759421,,same+cross,[M-H]-,343.1128,C18H20N2O3S,5,True,True,0.1113766298498161,0.04301300493147371,2180,True,2,True,3461,2,0.843548200607242,,,False,False,False,
1086336,,same-adduct-only,[M+H]+,328.1662,C18H21N3O3,7,True,False,0.016053013513432492,0.0011924127091853683,2354,True,1,True,3604,1,0.9993673146911822,,,False,True,False,
578939,,same-adduct-only,[M-H]-,317.0144,C11H15BrN2O4,1,True,False,2.2502976044577553e-06,2.2502976044577553e-06,139,True,1,True,236,1,0.7254185052012596,,,False,True,False,
910000,,same+cross,[M+H]+,321.1717,C19H20N4O,6,True,True,0.1203704035135571,0.1203704035135571,1819,True,1,True,2669,1,0.919591946561745,,,False,False,False,
843208,,same+cross,[M+H]+,344.1725,C17H21N5O3,7,True,True,0.8161876040192988,0.005612924859471066,1750,True,4,True,2602,1,0.9556791363351612,,,False,False,False,
